country_name,country_code,status,access_to_electricity,gross_domestic_income,life_expectancy,control_of_corruption_percentile,control_of_corruption_estimate,population_0_14%,population_65_above_total,population_15_64_total,consumer_price_index_2010,inflation_annual%,gdp_current_usd,gdp_growth_annual%,gdp_per_capita_current_usd,imports_%gdp,military_expenditure_%gdp,high_technology_exports_usd,freedom_status,political_rights,civil_liberties,total_freedom_score
Afghanistan,AFG,0.0,85.3,1010000000000.0,62.88,12.26,-1.18,43.13,984763,22404909,156.81,7.949999999999999,14502158192.0,-6.24,352.6,54.51,1.45,77454299.5,Not Free,1.0,5.0,6.0
Albania,ALB,0.0,100.0,1770000000000.0,76.83,38.68,-0.41,16.15,462629,1866557,131.75,6.73,18916378861.0,4.86,6810.11,47.75,1.58,886411.0,Partly Free,28.0,40.0,68.0
Algeria,DZA,0.0,100.0,26400000000000.0,77.13,28.3,-0.64,30.64,2868322,28275097,181.62,9.27,226000000000.0,3.6,5023.25,20.39,4.78,77454299.5,Not Free,10.0,22.0,32.0
Andorra,AND,0.0,100.0,1335000000000.0,73.045,88.68,1.27,12.8,11948,57663,142.415,8.0,3380602043.0,9.56,42350.7,47.81,1.46,43398343.0,Free,38.0,55.0,93.0
Angola,AGO,0.0,48.5,1470000000000.0,61.93,30.66,-0.6,45.02,925334,18643225,708.32,21.36,104000000000.0,3.05,2933.48,25.3,1.33,77204455.0,Not Free,10.0,18.0,28.0
Antigua and Barbuda,ATG,0.0,100.0,1710000000000.0,79.24,63.21,0.31,18.55,9956,66416,127.48,7.53,1867733333.0,9.52,19919.73,62.94,1.45,0.0,Free,33.0,52.0,85.0
Argentina,ARG,0.0,100.0,782000000000.0,76.06,36.32,-0.45,23.05,5510419,30065743,156.81,7.949999999999999,631000000000.0,4.96,13650.6,15.35,0.41,663679612.0,Free,35.0,50.0,85.0
Armenia,ARM,0.0,100.0,6100000000000.0,73.37,56.13,0.03,20.48,365584,1845507,152.24,8.64,19513474648.0,12.6,7018.05,50.99,4.32,476798137.0,Partly Free,23.0,31.0,54.0
Aruba,ABW,0.0,99.9,1335000000000.0,74.99,77.83,0.76,16.24,17182,71975,142.415,8.0,3544707788.0,10.46,33300.84,77.33,1.46,1735161.0,Partly Free,20.585714285714285,31.885714285714286,52.47142857142857
Australia,AUS,1.0,100.0,2330000000000.0,83.2,95.28,1.76,18.18,4396976,16887993,132.47,6.59,1690000000000.0,4.27,65077.68,19.71,1.9,7759351128.0,Free,38.0,57.0,95.0
Austria,AUT,1.0,100.0,369000000000.0,81.09,84.91,1.26,14.38,1790922,5950883,133.51,8.55,471000000000.0,4.81,52084.68,61.6,0.77,26998954256.0,Free,37.0,56.0,93.0
Azerbaijan,AZE,0.0,100.0,1710000000000.0,73.49,16.98,-1.04,23.48,720841,7039605,195.76,13.85,78807470588.0,4.71,7770.59,27.0,4.55,49457683.0,Not Free,0.0,7.0,7.0
"Bahamas, The",BHS,0.0,100.0,11859249071.0,74.36,84.43,1.26,19.06,36452,295378,126.35,5.61,13136400000.0,10.78,32041.25,43.75,1.46,0.0,Partly Free,20.585714285714285,31.885714285714286,52.47142857142857
Bahrain,BHR,0.0,100.0,1710000000000.0,79.25,59.43,0.14,20.19,55291,1119746,119.5,3.63,44383297872.0,4.89,30146.93,42.18,3.17,18152069.0,Not Free,2.0,10.0,12.0
Bangladesh,BGD,0.0,99.4,30400000000000.0,73.7,15.57,-1.08,25.97,10347220,116383491,215.86,7.7,460000000000.0,7.1,2687.9,20.9,1.13,77454299.5,Partly Free,15.0,25.0,40.0
Barbados,BRB,0.0,100.0,1710000000000.0,77.71,89.15,1.28,16.92,45840,188128,155.65,7.949999999999999,5840673700.0,13.48,20738.45,42.18,1.45,18830530.0,Free,37.0,57.0,94.0
Belarus,BLR,0.0,100.0,126000000000.0,73.11,31.6,-0.58,16.78,1585791,6094192,676.63,15.21,73775179925.0,-4.66,7994.65,56.97,1.2,77454299.5,Not Free,2.0,6.0,8.0
Belgium,BEL,1.0,100.0,449000000000.0,81.7,89.62,1.5,16.53,2305505,7448221,132.46,9.6,584000000000.0,3.01,49942.09,97.33,1.18,65782548564.0,Free,39.0,57.0,96.0
Belize,BLZ,0.0,98.6,5082225392.0,70.96,48.11,-0.24,27.74,20615,272238,116.62,6.28,2830507576.0,8.73,6984.22,55.58,0.86,17.0,Free,34.0,53.0,87.0
Benin,BEN,0.0,56.5,9860000000000.0,59.95,50.47,-0.12,42.43,409209,7277900,117.61,1.35,17425418044.0,6.25,1304.99,29.28,0.56,1462911.0,Partly Free,19.0,42.0,61.0
Bhutan,BTN,0.0,100.0,177000000000.0,72.23,90.09,1.51,22.14,48934,560261,203.57,5.64,2898227713.0,5.21,3704.02,60.14,1.45,77454299.5,Partly Free,30.0,33.0,63.0
Bolivia,BOL,0.0,99.9,49490555188.0,64.93,20.75,-0.89,30.83,592854,7862863,153.45,1.75,44008282880.0,3.61,3600.12,35.14,1.48,35257665.0,Partly Free,27.0,39.0,66.0
Bosnia and Herzegovina,BIH,0.0,100.0,35964227792.0,75.29,25.94,-0.68,14.87,594962,2157762,156.81,7.949999999999999,24534663636.0,4.23,7587.59,61.88,0.81,342055996.0,Partly Free,17.0,34.0,51.0
Botswana,BWA,0.0,75.9,193000000000.0,65.91,74.06,0.66,32.6,96112,1676627,182.72,11.67,20321958850.0,5.49,7726.11,42.07,2.74,38743818.0,Free,28.0,44.0,72.0
Brazil,BRA,0.0,100.0,4290000000000.0,73.42,32.08,-0.57,20.27,21265888,150400744,204.48,9.28,1950000000000.0,3.02,9065.5,19.19,1.05,7651750559.0,Free,30.0,42.0,72.0
Brunei Darussalam,BRN,0.0,100.0,21575310840.0,74.55,83.96,1.17,22.06,27708,322264,106.48,3.68,16681536467.0,-1.63,37152.48,60.58,2.37,28422229.0,Partly Free,20.585714285714285,31.885714285714286,52.47142857142857
Bulgaria,BGR,1.0,100.0,118000000000.0,74.36,50.0,-0.16,14.0,1446752,4113496,138.58,15.33,90346169915.0,3.93,13974.45,68.99,1.51,2248380615.0,Free,32.0,46.0,78.0
Burkina Faso,BFA,0.0,19.5,10500000000000.0,59.77,51.89,-0.08,43.72,574422,12185694,130.79,14.29,18820219331.0,1.78,830.04,33.1,3.09,3443803.0,Not Free,3.0,24.0,27.0
Burundi,BDI,0.0,10.3,1900000000000.0,61.98,4.25,-1.52,45.77,319917,6669914,251.7,18.8,3338722828.0,1.85,259.03,23.34,2.76,277799.0,Not Free,4.0,10.0,14.0
Cabo Verde,CPV,0.0,97.1,207000000000.0,74.72,81.13,0.98,26.18,32924,404943,122.22,7.93,2303738020.0,17.44,3883.91,56.24,0.55,20796.0,Free,38.0,54.0,92.0
Cambodia,KHM,0.0,92.3,91400000000000.0,69.9,9.91,-1.24,28.95,973517,10940260,145.22,5.34,29504829319.0,5.24,1759.61,54.85,2.1,1192959337.0,Not Free,4.0,19.0,23.0
Cameroon,CMR,0.0,71.0,24500000000000.0,60.96,13.21,-1.13,42.21,744889,15386690,132.07,6.25,43644068311.0,3.58,1563.49,22.0,0.95,77454299.5,Not Free,6.0,9.0,15.0
Canada,CAN,0.0,100.0,2370000000000.0,81.3,93.4,1.66,15.58,7411781,25461701,129.86,6.8,2160000000000.0,3.82,55509.39,33.71,1.24,30335008047.0,Free,39.0,58.0,97.0
Central African Republic,CAF,0.0,15.7,782000000000.0,54.48,8.96,-1.25,48.13,140101,2753527,169.94,5.58,2382618615.0,0.5,427.06,32.93,1.7,16373796.0,Not Free,1.0,4.0,5.0
Chad,TCD,0.0,11.7,5250000000000.0,53.0,4.72,-1.49,47.51,355936,8947169,129.06,5.79,12396807590.0,2.8,699.46,40.4,2.93,77454299.5,Not Free,1.0,14.0,15.0
Chile,CHL,0.0,100.0,210000000000000.0,79.52,80.66,0.97,18.32,2554579,13458005,158.63,11.64,302000000000.0,2.06,15411.17,39.47,1.83,1270023182.0,Free,38.0,56.0,94.0
China,CHN,0.0,100.0,1710000000000.0,78.59,55.19,0.02,17.25,193783391,974838887,131.92,1.97,17900000000000.0,2.99,12662.58,17.56,1.6,770000000000.0,Not Free,-2.0,11.0,9.0
Colombia,COL,0.0,100.0,1020000000000000.0,73.66,41.04,-0.36,21.34,4668152,36134433,164.78,10.18,345000000000.0,7.29,6657.09,27.84,3.08,883404294.0,Free,31.0,39.0,70.0
Comoros,COM,0.0,89.9,426000000000.0,63.68,9.43,-1.24,38.04,35800,482706,156.81,7.949999999999999,1242519408.0,2.39,1484.89,35.07,1.45,77454299.5,Partly Free,16.0,26.0,42.0
"Congo, Dem. Rep.",COD,0.0,21.5,22300000000000.0,59.74,3.3,-1.54,46.54,2891552,50041821,142.415,8.0,65801547620.0,8.92,664.59,48.23,0.58,17597529.0,Partly Free,20.585714285714285,31.885714285714286,52.47142857142857
"Congo, Rep.",COG,0.0,50.6,4030000000000.0,63.05,7.08,-1.36,41.05,162448,3357077,133.09,3.04,15817030157.0,1.48,2649.23,34.35,1.85,322122034.0,Partly Free,20.585714285714285,31.885714285714286,52.47142857142857
Costa Rica,CRI,0.0,100.0,37300000000000.0,77.32,66.98,0.47,20.19,560871,3573975,142.94,8.27,69243626029.0,4.55,13365.36,39.09,1.45,1921488086.0,Free,38.0,53.0,91.0
Cote d'Ivoire,CIV,0.0,70.4,38500000000000.0,58.92,42.45,-0.35,41.48,674709,15805992,125.27,5.28,70173140101.0,6.22,2491.9,28.9,0.89,58372249.0,Partly Free,20.585714285714285,31.885714285714286,52.47142857142857
Croatia,HRV,1.0,100.0,56227761601.0,77.58,59.91,0.15,14.08,861959,2450668,124.96,10.78,71997070660.0,7.03,18673.18,64.99,2.17,1723344099.0,Free,34.0,49.0,83.0
Cuba,CUB,0.0,100.0,51004106209.0,78.16,52.36,-0.07,15.72,1772517,7677039,156.81,7.949999999999999,29504829319.0,1.77,5023.25,48.79,1.45,77454299.5,Not Free,1.0,11.0,12.0
Curacao,CUW,0.0,100.0,1335000000000.0,73.045,46.23,-0.28,17.15,22424,101844,142.415,8.0,3073840325.0,7.9,20492.82,47.81,1.46,322122034.0,Partly Free,20.585714285714285,31.885714285714286,52.47142857142857
Cyprus,CYP,1.0,100.0,25474456280.0,81.89,66.04,0.42,15.93,185584,866553,113.11,8.4,29250532020.0,5.06,32048.25,94.72,1.81,93589529.0,Free,38.0,54.0,92.0
Czechia,CZE,1.0,100.0,5230000000000.0,79.03,74.53,0.66,15.95,2203094,6766557,143.61,15.1,291000000000.0,2.35,27226.62,75.47,1.36,45217937911.0,Free,36.0,58.0,94.0
Denmark,DNK,1.0,100.0,2460000000000.0,81.3,100.0,2.4,16.06,1209352,3745673,121.55,7.7,400000000000.0,2.73,67790.05,58.92,1.42,14326669683.0,Free,40.0,57.0,97.0
Djibouti,DJI,0.0,65.0,503000000000.0,62.86,23.58,-0.79,30.39,50841,729355,130.25,5.18,3674298479.0,3.73,3278.14,171.19,1.45,77454299.5,Not Free,5.0,19.0,24.0
Dominica,DMA,0.0,100.0,1710000000000.0,72.98,69.34,0.54,19.63,6927,51532,114.48,7.78,607159259.0,5.58,8347.32,42.18,1.45,77454299.5,Free,37.0,56.0,93.0
Dominican Republic,DOM,0.0,98.1,2840000000000.0,74.17,37.26,-0.44,27.11,831425,7353464,161.56,8.81,114000000000.0,4.86,10111.25,32.17,0.72,406158607.0,Partly Free,27.0,41.0,68.0
Ecuador,ECU,0.0,100.0,113000000000.0,77.89,29.72,-0.63,25.69,1409195,11966791,128.18,3.47,117000000000.0,6.19,6476.64,30.84,2.16,124665033.0,Partly Free,29.0,38.0,67.0
"Egypt, Arab Rep.",EGY,0.0,100.0,7840000000000.0,70.16,26.42,-0.68,32.86,5365058,69152645,363.25,13.9,477000000000.0,6.59,4295.41,21.9,1.06,638950944.0,Partly Free,20.585714285714285,31.885714285714286,52.47142857142857
El Salvador,SLV,0.0,100.0,26210165024.0,71.47,27.83,-0.64,25.42,520928,4205043,122.91,7.2,31988920000.0,2.8,5048.44,56.49,1.32,414258325.0,Partly Free,21.0,32.0,53.0
Equatorial Guinea,GNQ,0.0,67.0,4890000000000.0,61.19,2.83,-1.6,38.49,52336,977879,136.38,4.79,13486788879.0,3.72,8052.26,34.56,1.1,77454299.5,Not Free,0.0,5.0,5.0
Eritrea,ERI,0.0,55.4,1710000000000.0,66.6,8.02,-1.28,39.2,147850,2092169,156.81,7.949999999999999,29504829319.0,4.17,5023.25,42.18,1.45,77454299.5,Not Free,1.0,2.0,3.0
Estonia,EST,0.0,100.0,26763818847.0,77.94,91.04,1.54,16.41,277581,849966,151.94,19.4,37921480882.0,-0.46,28114.14,86.31,2.09,2285853223.0,Free,38.0,57.0,95.0
Eswatini,SWZ,0.0,82.3,51344454263.0,56.36,26.89,-0.67,34.69,48082,736679,142.415,8.0,4790922789.0,0.48,3986.89,47.59,1.65,322122034.0,Not Free,1.0,16.0,17.0
Ethiopia,ETH,0.0,55.0,2370000000000.0,65.64,36.79,-0.44,39.63,3875306,70615185,659.22,33.89,127000000000.0,5.32,1027.5,18.35,0.9,9014081.0,Not Free,10.0,10.0,20.0
Fiji,FJI,0.0,92.0,1710000000000.0,68.31,64.62,0.39,28.61,54838,608930,134.9,4.52,4979979531.0,20.02,5356.16,69.19,1.4,2267149.0,Partly Free,27.0,39.0,66.0
Finland,FIN,0.0,100.0,234000000000.0,81.19,99.53,2.25,15.17,1293168,3419917,123.33,7.12,282000000000.0,1.34,50734.71,47.81,1.72,4490473203.0,Free,40.0,60.0,100.0
France,FRA,0.0,100.0,2360000000000.0,82.23,85.38,1.26,17.2,14721512,41559412,118.26,5.22,2780000000000.0,2.45,40886.25,38.56,1.94,95753974734.0,Free,38.0,51.0,89.0
Gabon,GAB,0.0,93.5,19200000000000.0,65.69,16.04,-1.05,36.28,92858,1429309,130.95,4.23,21071739228.0,2.97,8820.35,16.56,1.26,77454299.5,Not Free,2.0,18.0,20.0
"Gambia, The",GMB,0.0,65.4,67504932005.0,62.91,46.23,-0.28,43.06,65650,1475251,219.08,11.51,2175099790.0,4.92,803.81,30.97,0.69,322122034.0,Partly Free,20.585714285714285,31.885714285714286,52.47142857142857
Georgia,GEO,0.0,100.0,56826824520.0,71.59,72.17,0.62,21.26,542343,2380726,172.34,11.9,24984568960.0,10.96,6729.85,62.22,1.43,39449988.0,Partly Free,22.0,36.0,58.0
Germany,DEU,1.0,100.0,3190000000000.0,80.71,95.75,1.82,13.96,18781831,53319483,124.49,6.87,4080000000000.0,1.81,48717.99,48.96,1.39,223000000000.0,Free,39.0,54.0,93.0
Ghana,GHA,0.0,85.1,183000000000.0,63.94,52.83,-0.05,36.94,1190029,19920727,441.67,31.26,74263364042.0,3.82,2218.41,35.45,0.35,77454299.5,Free,35.0,45.0,80.0
Greece,GRC,0.0,100.0,188000000000.0,80.64,56.6,0.04,13.87,2379620,6601149,111.74,9.65,218000000000.0,5.56,20867.27,58.86,3.69,2818932039.0,Free,35.0,50.0,85.0
Grenada,GRD,0.0,94.2,1710000000000.0,75.33,67.45,0.48,23.97,12622,82749,111.38,2.58,1224577778.0,7.32,9762.41,42.18,1.45,110475.0,Free,37.0,52.0,89.0
Guatemala,GTM,0.0,99.1,565000000000.0,68.67,11.32,-1.21,32.4,852613,10882128,164.39,6.89,95003330316.0,4.12,5473.21,35.65,0.46,368666406.0,Partly Free,17.0,29.0,46.0
Guinea,GIN,0.0,47.7,77000000000000.0,58.98,18.4,-1.01,41.54,460700,7641239,361.72,10.49,20999229260.0,4.7,1515.17,63.81,2.04,77454299.5,Not Free,7.0,23.0,30.0
Guinea-Bissau,GNB,0.0,37.4,897000000000.0,59.86,11.79,-1.19,40.11,59368,1201577,127.51,9.39,1714166526.0,4.2,814.11,30.37,1.61,77454299.5,Partly Free,17.0,26.0,43.0
Guyana,GUY,0.0,93.0,1710000000000.0,65.99,45.28,-0.3,28.61,50760,526555,130.79,6.12,14718388489.0,63.44,18199.47,42.18,0.57,111140.0,Free,30.0,43.0,73.0
Haiti,HTI,0.0,49.3,621000000000.0,63.73,5.19,-1.46,32.08,526290,7342677,409.13,33.98,20253551921.0,-1.68,1748.26,29.29,0.07,77454299.5,Not Free,11.0,19.0,30.0
Honduras,HND,0.0,94.4,214000000000.0,70.73,18.87,-1.0,30.12,445565,6845036,177.3,9.09,31426041807.0,4.14,3012.22,70.26,1.53,77454299.5,Partly Free,22.0,26.0,48.0
"Hong Kong SAR, China",HKG,1.0,100.0,2750000000000.0,83.66,92.45,1.61,12.04,1503940,4957645,139.68,1.88,359000000000.0,-3.68,48828.12,190.39,1.46,194000000000.0,Free,36.25,53.4375,89.6875
Hungary,HUN,1.0,100.0,41100000000000.0,76.02,51.42,-0.1,14.44,1929641,6320807,151.41,14.61,177000000000.0,4.58,18355.83,94.86,1.53,21996652567.0,Partly Free,24.0,41.0,65.0
Iceland,ISL,1.0,100.0,2970000000000.0,82.17,91.51,1.57,18.49,58542,252843,150.09,8.31,28701830402.0,8.88,75135.09,45.94,1.4449999999999998,322122034.0,Free,37.0,57.0,94.0
India,IND,0.0,99.2,156000000000000.0,67.74,44.34,-0.32,25.31,97734540,960804385,205.27,6.7,3350000000000.0,6.99,2366.31,26.76,2.43,35219086846.0,Partly Free,33.0,33.0,66.0
Indonesia,IDN,0.0,100.0,1.17e+16,68.25,37.74,-0.43,25.21,18891582,187165550,163.07,4.21,1320000000000.0,5.31,4787.91,20.96,0.7,9894860444.0,Partly Free,29.0,28.0,57.0
"Iran, Islamic Rep.",IRN,0.0,100.0,1.49e+16,74.56,14.15,-1.13,23.57,6749976,60933022,1480.31,43.49,413000000000.0,3.78,4668.46,24.78,2.59,322122034.0,Partly Free,20.585714285714285,31.885714285714286,52.47142857142857
Iraq,IRQ,0.0,100.0,1710000000000.0,71.34,10.85,-1.21,37.74,1515112,26190212,133.95,4.99,287000000000.0,7.64,6441.92,42.18,1.67,77454299.5,Not Free,16.0,14.0,30.0
Ireland,IRL,1.0,100.0,429000000000.0,83.06,93.87,1.67,19.58,776058,3346995,117.21,7.83,533000000000.0,9.43,103983.29,97.18,0.23,80006331470.0,Free,39.0,58.0,97.0
Israel,ISR,0.0,100.0,1650000000000.0,82.7,78.77,0.78,28.07,1151191,5723598,113.94,4.39,525000000000.0,6.83,54930.94,28.78,4.51,14221825000.0,Free,34.0,40.0,74.0
Italy,ITA,1.0,100.0,1730000000000.0,82.9,68.87,0.53,12.43,14177282,37436702,121.77,8.2,2070000000000.0,3.99,35068.84,38.14,1.68,43256520915.0,Free,36.0,54.0,90.0
Jamaica,JAM,0.0,100.0,1710000000000.0,70.63,54.25,-0.02,19.84,210608,2055824,199.74,10.35,17097760687.0,5.22,6047.22,42.18,1.31,927489.0,Free,33.0,47.0,80.0
Japan,JPN,1.0,100.0,533000000000000.0,84.0,90.57,1.54,11.62,37443104,73138948,107.84,2.5,4260000000000.0,0.95,34017.27,25.3,1.08,83102743949.0,Free,40.0,56.0,96.0
Jordan,JOR,0.0,100.0,1710000000000.0,74.22,58.02,0.07,32.09,433202,7230556,133.12,4.23,48653381831.0,2.43,4311.0,42.18,4.84,129255367.0,Not Free,11.0,22.0,33.0
Kazakhstan,KAZ,0.0,100.0,20000000000000.0,74.44,48.58,-0.19,29.67,1579277,12230840,251.07,15.03,225000000000.0,3.2,11484.42,26.33,0.51,4589168984.0,Not Free,5.0,18.0,23.0
Kenya,KEN,0.0,76.0,9980000000000.0,62.06,24.06,-0.76,37.81,1552235,32046684,228.75,7.66,113000000000.0,4.85,2099.3,21.51,1.0,46921966.0,Partly Free,22.0,30.0,52.0
Kiribati,KIR,0.0,94.4,349999999.0,67.66,61.32,0.24,36.08,5001,78885,156.81,7.949999999999999,270520731.0,3.86,2061.39,93.88,1.45,77454299.5,Free,37.0,53.0,90.0
"Korea, Dem. People's Rep.",PRK,0.0,54.7,1335000000000.0,73.58,2.36,-1.61,18.9,3053871,18088961,142.415,8.0,42798489584.5,4.13,6913.05,47.81,1.46,322122034.0,Partly Free,20.585714285714285,31.885714285714286,52.47142857142857
"Korea, Rep.",KOR,1.0,100.0,1840000000000000.0,82.68,76.89,0.75,11.57,9038119,36655085,124.71,5.09,1670000000000.0,2.61,32394.68,48.26,2.72,98537965972.0,Free,36.25,53.4375,89.6875
Kosovo,XKX,0.0,100.0,5909629060.0,79.52,47.17,-0.26,21.33,180211,1210748,136.43,11.58,9354903062.0,4.28,5290.98,71.39,1.13,322122034.0,Partly Free,28.0,32.0,60.0
Kuwait,KWT,0.0,100.0,1710000000000.0,80.26,58.96,0.13,20.72,210493,3174078,139.01,3.98,183000000000.0,6.14,42823.83,42.18,4.53,77704144.0,Partly Free,14.0,24.0,38.0
Kyrgyz Republic,KGZ,0.0,99.7,745000000000.0,72.05,10.38,-1.23,34.45,316808,4255513,211.02,13.92,12134931018.0,8.97,1739.8,87.45,1.48,134789301.0,Partly Free,20.585714285714285,31.885714285714286,52.47142857142857
Lao PDR,LAO,0.0,100.0,1335000000000.0,69.0,19.81,-0.97,30.64,335419,4886857,182.18,22.96,15468785204.0,2.71,2054.43,47.81,1.46,322122034.0,Partly Free,20.585714285714285,31.885714285714286,52.47142857142857
Latvia,LVA,1.0,100.0,30055329962.0,74.58,75.47,0.69,15.56,410757,1176188,141.89,17.31,40422521943.0,2.95,21508.4,77.48,2.05,1920977117.0,Free,37.0,51.0,88.0
Lebanon,LBN,0.0,100.0,42700000000000.0,74.42,13.68,-1.13,27.44,543084,3440173,1660.74,171.21,20992421949.0,-0.62,3823.94,80.06,1.45,323840583.0,Partly Free,13.0,29.0,42.0
Lesotho,LSO,0.0,50.0,23268122778.0,53.04,41.98,-0.36,33.98,96739,1425562,187.86,8.27,2289355249.0,1.29,992.86,98.52,1.47,666218.0,Free,30.0,36.0,66.0
Liberia,LBR,0.0,31.8,1710000000000.0,61.1,20.28,-0.93,40.52,175427,2978473,156.81,7.949999999999999,4001047000.0,4.81,754.53,42.18,1.27,77454299.5,Partly Free,30.0,34.0,64.0
Libya,LBY,0.0,70.0,97575391725.0,72.15,3.77,-1.53,28.29,331418,4553521,271.81,4.51,55938727098.0,1.34,8211.38,43.58,1.45,77454299.5,Not Free,1.0,8.0,9.0
Liechtenstein,LIE,1.0,100.0,1335000000000.0,84.32,94.81,1.71,14.46,7616,26024,142.415,8.0,7364654515.0,4.13,187267.13,47.81,1.46,322122034.0,Free,33.0,57.0,90.0
Lithuania,LTU,1.0,100.0,42661987618.0,75.79,76.42,0.75,15.32,588872,1808854,150.13,19.71,71013953448.0,2.44,25078.75,88.81,2.52,3569439157.0,Free,38.0,51.0,89.0
Luxembourg,LUX,1.0,100.0,63956192916.0,83.05,96.23,1.88,15.8,98152,451762,126.5,6.34,81641807866.0,1.38,125006.02,177.24,0.7,804989238.0,Free,38.0,59.0,97.0
"Macao SAR, China",MAC,0.0,100.0,195000000000.0,85.38,79.72,0.87,14.82,90342,501815,146.77,1.05,24464719190.0,-21.4,35192.53,87.49,1.46,0.0,Partly Free,20.585714285714285,31.885714285714286,52.47142857142857
Madagascar,MDG,0.0,36.1,20500000000000.0,65.23,17.92,-1.01,39.07,991567,17050747,219.81,8.16,15302510500.0,3.8,516.77,39.23,0.65,6075603.0,Partly Free,24.0,34.0,58.0
Malawi,MWI,0.0,14.0,1710000000000.0,62.9,30.19,-0.61,42.59,532306,11181843,600.93,20.95,13129458326.0,0.92,643.43,42.18,0.64,2421297.0,Partly Free,29.0,37.0,66.0
Malaysia,MYS,0.0,100.0,1540000000000.0,76.26,62.26,0.25,22.67,2546223,23697233,127.21,3.38,407000000000.0,8.65,11993.19,69.71,0.96,66214448416.0,Partly Free,22.0,31.0,53.0
Maldives,MDV,0.0,100.0,1710000000000.0,80.84,39.62,-0.4,21.68,25054,385180,138.58,2.33,6170638746.0,13.91,11780.82,42.18,1.45,37875.0,Partly Free,21.0,23.0,44.0
Mali,MLI,0.0,53.0,6080000000000.0,59.42,21.23,-0.88,47.19,538006,11393892,124.41,9.62,18780322204.0,3.47,831.22,39.73,2.83,77454299.5,Not Free,6.0,20.0,26.0
Malta,MLT,1.0,100.0,15063629571.0,82.7,61.79,0.24,13.15,101593,359684,123.02,6.15,18357069273.0,8.08,34563.4,152.68,0.5,206522669.0,Free,35.0,52.0,87.0
Mauritania,MRT,0.0,49.0,321000000000.0,64.69,23.11,-0.8,41.61,152658,2612981,156.81,9.53,9744039515.0,6.39,2057.38,55.01,2.27,1093142.0,Partly Free,15.0,24.0,39.0
Mauritius,MUS,0.0,100.0,447000000000.0,73.51,65.57,0.41,16.31,161507,895124,153.57,10.77,12927979286.0,8.88,10239.8,62.88,0.17,16815518.0,Free,35.0,50.0,85.0
Mexico,MEX,0.0,100.0,24000000000000.0,74.83,17.45,-1.01,24.51,10612344,85644224,166.89,7.9,1460000000000.0,3.95,11476.68,45.69,0.61,85898585526.0,Partly Free,27.0,33.0,60.0
"Micronesia, Fed. Sts.",FSM,0.0,85.3,1335000000000.0,70.92,67.92,0.48,30.31,7027,72534,126.91,5.41,430000000.0,-0.78,3766.51,63.8,1.46,322122034.0,Partly Free,20.585714285714285,31.885714285714286,52.47142857142857
Moldova,MDA,0.0,100.0,173000000000.0,68.62,42.92,-0.34,19.31,329641,1718953,233.35,28.74,14510490660.0,-5.02,5715.28,69.49,0.32,22595261.0,Partly Free,26.0,35.0,61.0
Mongolia,MNG,0.0,100.0,35300000000000.0,72.67,33.02,-0.56,32.47,156687,2138395,251.17,15.15,17146471714.0,5.03,5045.5,71.27,0.6,51108193.0,Free,36.0,48.0,84.0
Montenegro,MNE,0.0,100.0,4335110053.0,76.19,50.94,-0.12,18.1,102150,403377,134.8,13.04,6229801581.0,6.41,10093.44,74.37,1.61,14404160.0,Partly Free,27.0,42.0,69.0
Morocco,MAR,0.0,100.0,1200000000000.0,74.97,41.51,-0.36,26.58,2891937,24608096,120.97,6.66,131000000000.0,1.26,3441.99,56.31,3.9,1268377658.0,Partly Free,13.0,24.0,37.0
Mozambique,MOZ,0.0,33.2,1170000000000.0,59.62,21.7,-0.84,43.52,846774,17774048,221.44,10.28,18406835495.0,4.36,558.3,83.02,1.51,18227565.0,Partly Free,14.0,30.0,44.0
Myanmar,MMR,0.0,73.7,1710000000000.0,67.26,12.74,-1.15,24.64,3692668,37136469,156.81,7.949999999999999,62253049892.0,4.04,1149.02,42.18,3.05,200664152.0,Not Free,0.0,8.0,8.0
Namibia,NAM,0.0,56.2,160000000000.0,58.06,60.85,0.22,36.24,101885,1534823,177.47,6.08,12567271005.0,5.35,4895.68,58.76,3.0,764250.0,Free,31.0,46.0,77.0
Nauru,NRU,0.0,100.0,1710000000000.0,64.01,71.7,0.6,38.77,311,7444,156.81,7.949999999999999,153824609.0,2.16,12142.77,113.21,1.45,77454299.5,Free,34.0,43.0,77.0
Nepal,NPL,0.0,91.3,2550000000000.0,70.48,33.96,-0.53,28.88,1859500,19864639,222.29,7.65,41182939601.0,5.63,1348.16,42.27,1.14,3330281.0,Partly Free,28.0,34.0,62.0
Netherlands,NLD,1.0,100.0,790000000000.0,81.71,96.7,1.92,15.42,3595905,11374713,132.58,10.0,1010000000000.0,4.33,57025.01,82.96,1.58,92149414409.0,Free,39.0,58.0,97.0
New Zealand,NZL,1.0,100.0,312000000000.0,82.76,99.06,2.16,18.7,834533,3325532,129.44,7.17,247000000000.0,2.77,48216.51,29.69,1.18,819871309.0,Free,40.0,59.0,99.0
Nicaragua,NIC,0.0,86.5,201000000000.0,74.61,7.55,-1.29,29.72,367848,4515199,195.58,10.47,15649934215.0,3.75,2252.31,65.49,0.53,37235931.0,Not Free,4.0,12.0,16.0
Niger,NER,0.0,19.5,8390000000000.0,62.08,31.13,-0.59,48.85,629989,12776544,121.75,4.23,15433852712.0,11.9,588.9,22.81,1.66,5916151.0,Partly Free,6.0,27.0,33.0
Nigeria,NGA,0.0,60.5,1710000000000.0,53.63,14.62,-1.1,43.04,6500481,117970520,421.07,18.85,473000000000.0,3.25,2162.63,42.18,0.64,76499040.0,Partly Free,20.0,24.0,44.0
North Macedonia,MKD,0.0,100.0,502000000000.0,74.42,43.87,-0.32,16.01,273071,1265373,135.29,14.2,13711469681.0,2.22,7485.6,94.87,1.61,286568130.0,Partly Free,28.0,39.0,67.0
Norway,NOR,1.0,100.0,4490000000000.0,82.56,98.11,2.07,16.71,1006045,3539342,133.33,5.76,594000000000.0,3.01,108798.45,27.15,1.64,5273631388.0,Free,39.0,59.0,98.0
Oman,OMN,0.0,100.0,1710000000000.0,73.94,57.55,0.05,27.03,126243,3213224,118.27,2.51,115000000000.0,4.31,25056.79,42.18,5.17,784357485.0,Not Free,6.0,18.0,24.0
Pakistan,PAK,0.0,95.0,41200000000000.0,66.43,22.64,-0.8,36.57,10078443,139515778,262.62,19.87,375000000000.0,4.77,1589.26,22.5,2.63,329499960.0,Partly Free,14.0,21.0,35.0
Palau,PLW,0.0,100.0,223375850.0,71.28,71.7,0.6,21.02,1784,12476,139.97,12.35,242333709.0,-0.36,13421.97,78.34,1.45,77454299.5,Free,37.0,55.0,92.0
Panama,PAN,0.0,95.0,71998634878.0,76.83,28.77,-0.63,26.13,386684,2869851,125.63,2.86,76522511781.0,10.81,17357.63,47.99,1.45,333696.0,Free,35.0,48.0,83.0
Papua New Guinea,PNG,0.0,19.0,1710000000000.0,65.96,25.47,-0.7,34.25,323274,6345851,179.81,5.25,31603619037.0,5.17,3115.92,42.18,0.33,77454299.5,Partly Free,22.0,39.0,61.0
Paraguay,PRY,0.0,100.0,216000000000000.0,70.47,15.09,-1.09,28.87,424398,4398958,168.35,9.77,41952910858.0,0.18,6187.07,39.37,0.83,179228712.0,Partly Free,26.0,37.0,63.0
Peru,PER,0.0,96.2,588000000000.0,73.39,22.17,-0.81,26.01,2864148,22330236,150.12,8.33,246000000000.0,2.73,7239.11,28.35,1.15,263100678.0,Partly Free,27.0,39.0,66.0
Philippines,PHL,0.0,94.8,19400000000000.0,72.19,33.49,-0.54,30.34,6282669,74220181,145.97,5.82,404000000000.0,7.58,3499.11,44.04,1.0,41726924625.0,Partly Free,25.0,33.0,58.0
Poland,POL,1.0,100.0,2360000000000.0,77.3,68.4,0.51,15.15,6832114,24410950,141.81,14.43,690000000000.0,5.64,18732.5,61.1,2.39,28268826995.0,Free,33.0,47.0,80.0
Portugal,PRT,1.0,100.0,205000000000.0,81.58,75.94,0.73,13.18,2383516,6653926,120.78,7.83,255000000000.0,6.83,24515.27,52.01,1.35,3746711414.0,Free,39.0,57.0,96.0
Qatar,QAT,0.0,100.0,1710000000000.0,81.56,79.25,0.8,15.81,40970,2227982,120.79,5.0,236000000000.0,4.21,87480.42,31.61,6.96,269483240.0,Not Free,7.0,18.0,25.0
Romania,ROU,1.0,100.0,596000000000.0,75.3,55.66,0.02,15.92,3550764,12464175,151.87,13.8,299000000000.0,4.11,15692.31,49.95,1.73,8356833712.0,Free,35.0,48.0,83.0
Russian Federation,RUS,0.0,100.0,107000000000000.0,72.55,19.34,-0.98,17.7,22786449,95914417,156.81,7.949999999999999,2270000000000.0,-2.07,15445.24,15.23,4.06,77454299.5,Partly Free,20.585714285714285,31.885714285714286,52.47142857142857
Rwanda,RWA,0.0,50.6,10300000000000.0,67.13,70.28,0.56,38.47,440433,8036935,194.54,17.69,13316160804.0,8.16,966.57,38.67,1.45,6797226.0,Not Free,8.0,15.0,23.0
Samoa,WSM,0.0,98.3,1873909196.0,72.6,69.81,0.55,37.57,11605,127229,132.42,10.96,832945205.0,-5.31,3745.56,52.72,1.45,77454299.5,Free,32.0,52.0,84.0
San Marino,SMR,0.0,100.0,1710000000000.0,71.28,88.68,1.27,12.74,6886,22485,156.81,7.949999999999999,29504829319.0,4.17,5023.25,42.18,1.45,77454299.5,Free,39.0,58.0,97.0
Sao Tome and Principe,STP,0.0,78.0,1710000000000.0,68.79,62.74,0.28,39.47,8550,129082,279.41,18.01,542686976.0,0.07,2386.7,42.18,1.45,15026.0,Partly Free,20.585714285714285,31.885714285714286,52.47142857142857
Saudi Arabia,SAU,0.0,100.0,3680000000000.0,77.9,63.68,0.36,25.95,1023133,25938738,129.35,2.47,1110000000000.0,7.49,30447.88,23.29,7.42,77454299.5,Not Free,1.0,7.0,8.0
Senegal,SEN,0.0,67.9,15200000000000.0,67.91,53.77,-0.03,41.45,543578,9595171,125.57,9.7,27619479060.0,3.82,1594.99,53.18,1.57,37221052.0,Partly Free,28.0,39.0,67.0
Serbia,SRB,0.0,100.0,5460000000000.0,75.48,35.38,-0.46,14.44,1370058,4332299,170.48,11.98,63563410721.0,2.55,9537.68,74.81,2.28,985830757.0,Partly Free,18.0,39.0,57.0
Seychelles,SYC,0.0,100.0,26098417278.0,73.85,94.34,1.7,23.1,9771,82411,156.81,7.949999999999999,2057968520.0,14.98,17167.19,97.79,1.38,77454299.5,Free,34.0,45.0,79.0
Sierra Leone,SLE,0.0,29.4,13957373020.0,60.41,32.55,-0.56,38.98,270226,4981362,378.05,27.21,4094563859.0,3.46,475.8,56.22,0.6,77454299.5,Partly Free,24.0,36.0,60.0
Singapore,SGP,1.0,100.0,589000000000.0,82.9,98.58,2.09,11.84,852166,4117459,123.98,6.12,498000000000.0,3.84,88428.7,147.22,2.77,94102974777.0,Partly Free,19.0,29.0,48.0
Slovak Republic,SVK,1.0,100.0,86415064570.0,77.07,60.38,0.21,15.74,922176,3654639,136.77,12.77,116000000000.0,1.87,21279.46,104.65,1.76,7897423538.0,Free,36.25,53.4375,89.6875
Slovenia,SVN,1.0,100.0,46611968575.0,81.28,78.3,0.77,15.12,442654,1350072,123.11,8.83,60063475466.0,2.46,28439.33,91.88,1.19,3881308703.0,Free,39.0,57.0,96.0
Solomon Islands,SLB,0.0,76.0,11393611905.0,70.74,49.06,-0.18,39.11,25107,415907,144.4,5.52,1566360686.0,2.4,2162.67,51.75,1.45,77454299.5,Free,28.0,47.0,75.0
Somalia,SOM,0.0,48.9,280000000000000.0,56.11,0.47,-1.79,47.16,452258,8845479,156.81,7.949999999999999,10419541202.0,2.44,592.1,78.53,1.45,77454299.5,Not Free,2.0,6.0,8.0
South Africa,ZAF,0.0,86.5,4780000000000.0,61.48,44.81,-0.32,28.55,3529541,39264163,183.68,7.04,405000000000.0,1.91,6766.48,31.52,0.74,2475526790.0,Free,33.0,46.0,79.0
South Sudan,SSD,0.0,8.4,1710000000000.0,55.57,0.0,-1.86,43.87,315423,5810660,21061.34,-6.69,29504829319.0,4.17,5023.25,42.18,3.02,77454299.5,Not Free,-3.0,4.0,1.0
Spain,ESP,1.0,100.0,1160000000000.0,83.08,75.0,0.69,13.8,9682299,31503646,123.59,8.39,1420000000000.0,5.77,29674.54,39.66,1.47,32851519783.0,Free,37.0,53.0,90.0
Sri Lanka,LKA,0.0,100.0,11800000000000.0,76.61,40.09,-0.38,22.82,2558980,14560801,264.53,49.72,74144875098.0,-7.35,3342.72,25.12,1.43,103354129.0,Partly Free,22.0,32.0,54.0
St. Kitts and Nevis,KNA,0.0,100.0,1335000000000.0,72.03,65.09,0.39,19.51,4822,33539,107.02,2.67,981429629.0,10.52,20593.61,47.81,1.46,322122034.0,Free,35.0,54.0,89.0
St. Lucia,LCA,0.0,100.0,1335000000000.0,71.29,70.75,0.58,18.04,16603,130809,118.5,6.38,2343703788.0,18.08,13030.93,47.81,1.46,322122034.0,Free,38.0,54.0,92.0
St. Vincent and the Grenadines,VCT,0.0,100.0,1335000000000.0,68.97,77.36,0.76,21.93,11283,69875,118.02,5.66,966492592.0,7.16,9297.85,47.81,1.46,322122034.0,Free,36.0,54.0,90.0
Sudan,SDN,0.0,63.2,21262252429.0,65.58,6.6,-1.4,40.93,1640370,26048486,38796.56,138.81,51666875363.0,-0.96,1102.25,1.13,1.45,77454299.5,Not Free,-3.0,9.0,6.0
Suriname,SUR,0.0,99.0,1710000000000.0,70.29,39.15,-0.41,26.25,45686,410148,964.21,52.45,3620987993.0,2.43,5858.82,42.18,1.45,29033118.0,Free,34.0,45.0,79.0
Sweden,SWE,1.0,100.0,4880000000000.0,83.11,97.64,2.06,17.6,2123501,6517761,122.96,8.37,590000000000.0,2.66,56299.51,50.13,1.31,22976306438.0,Free,40.0,59.0,99.0
Switzerland,CHE,1.0,100.0,732000000000.0,83.45,97.17,2.01,15.05,1694534,5760782,102.22,2.84,818000000000.0,2.57,93259.91,63.23,0.76,77973722315.0,Free,39.0,57.0,96.0
Syrian Arab Republic,SYR,0.0,89.0,1710000000000.0,72.3,0.94,-1.78,31.42,1035520,14139080,156.81,7.949999999999999,29504829319.0,4.17,5023.25,42.18,1.45,77454299.5,Partly Free,20.585714285714285,31.885714285714286,52.47142857142857
Tajikistan,TJK,0.0,100.0,3943320394.0,71.29,6.13,-1.43,36.27,345591,5997363,156.81,7.949999999999999,10713525200.0,8.0,1076.43,49.08,1.02,3026694.0,Not Free,0.0,5.0,5.0
Tanzania,TZA,0.0,45.8,136000000000000.0,66.78,43.4,-0.34,43.36,2032674,35066910,209.48,4.35,75769974505.0,4.57,1193.36,19.59,1.09,17160700.0,Partly Free,12.0,24.0,36.0
Thailand,THA,0.0,99.9,10400000000000.0,79.68,35.85,-0.45,15.52,10906792,49663033,120.6,6.08,496000000000.0,2.46,6913.05,67.49,1.16,44864080341.0,Partly Free,12.0,24.0,36.0
Timor-Leste,TLS,0.0,99.7,2808854345.0,69.06,46.7,-0.27,34.71,69834,805871,156.81,7.949999999999999,3204753000.0,-20.54,2389.3,41.96,1.11,77454299.5,Free,33.0,39.0,72.0
Togo,TGO,0.0,57.2,4590000000000.0,61.59,27.36,-0.65,39.96,277387,5035345,129.61,7.97,8169476149.0,5.76,923.24,39.89,5.44,1239758.0,Partly Free,15.0,27.0,42.0
Tonga,TON,0.0,100.0,1710000000000.0,71.27,38.21,-0.42,34.26,6639,63611,150.44,10.97,500274898.0,-2.01,4681.68,42.18,1.45,77454299.5,Free,31.0,50.0,81.0
Trinidad and Tobago,TTO,0.0,100.0,1710000000000.0,74.71,40.57,-0.38,19.05,176309,1063135,155.56,5.83,30053575132.0,1.48,19629.47,42.18,0.72,6251561.0,Free,33.0,49.0,82.0
Tunisia,TUN,0.0,100.0,92214364508.0,74.26,47.64,-0.25,24.84,1114633,8172214,187.85,8.31,44579761023.0,2.6,3607.91,65.29,2.48,1041437027.0,Partly Free,16.0,35.0,51.0
Turkey,TUR,0.0,100.0,1980000000000.0,78.47,34.91,-0.47,23.23,7338584,57898247,542.44,72.31,907000000000.0,5.53,10674.5,42.59,1.23,6814962080.0,Not Free,17.0,16.0,33.0
Turkmenistan,TKM,0.0,100.0,1710000000000.0,69.41,5.66,-1.44,31.12,331031,4098501,156.81,7.949999999999999,56542857143.0,6.2,8792.55,13.02,1.45,77454299.5,Not Free,0.0,2.0,2.0
Tuvalu,TUV,0.0,100.0,1710000000000.0,64.85,73.58,0.65,31.69,728,6999,156.81,7.949999999999999,59065982.0,0.68,5221.53,42.18,1.45,77454299.5,Free,37.0,56.0,93.0
Uganda,UGA,0.0,47.1,136000000000000.0,63.64,16.51,-1.04,44.78,800438,25290128,199.27,7.2,45565333216.0,4.59,964.35,22.48,2.06,77454299.5,Not Free,10.0,24.0,34.0
Ukraine,UKR,0.0,100.0,2200000000000.0,68.59,29.25,-0.63,15.43,7147170,24990962,380.32,20.18,162000000000.0,-28.76,4575.98,51.95,33.55,888065427.0,Partly Free,21.0,28.0,49.0
United Arab Emirates,ARE,0.0,100.0,1710000000000.0,79.2,83.49,1.16,15.23,172674,7830368,117.54,4.83,507000000000.0,7.85,53707.98,42.18,1.45,3213488119.0,Not Free,5.0,13.0,18.0
United Kingdom,GBR,1.0,100.0,2080000000000.0,82.06,92.92,1.62,17.47,12995456,42954679,133.66,7.92,3090000000000.0,4.35,45564.16,36.1,2.23,72663086859.0,Free,38.0,53.0,91.0
United States,USA,1.0,100.0,21500000000000.0,77.43,82.55,1.1,17.96,57083129,216334609,134.21,8.0,25700000000000.0,1.94,77246.67,15.41,3.45,166000000000.0,Free,33.0,50.0,83.0
Uruguay,URY,0.0,100.0,1860000000000.0,78.0,91.98,1.61,19.1,533254,2235847,261.82,9.1,70164683290.0,4.71,20499.24,26.88,1.9,186096554.0,Free,40.0,56.0,96.0
Uzbekistan,UZB,0.0,100.0,154000000000000.0,71.67,24.53,-0.76,30.21,1831073,23047260,395.66,11.45,81140823252.0,5.67,2276.16,43.9,1.45,83976164.0,Not Free,2.0,10.0,12.0
Vanuatu,VUT,0.0,70.0,67822453438.0,70.49,53.3,-0.03,39.39,12211,185815,134.7,6.68,1022219298.0,1.92,3128.54,55.46,1.45,77454299.5,Free,32.0,50.0,82.0
"Venezuela, RB",VEN,0.0,100.0,1335000000000.0,71.1,1.89,-1.65,27.57,2436358,18061363,142.415,8.0,42798489584.5,4.13,6913.05,47.81,0.65,322122034.0,Partly Free,20.585714285714285,31.885714285714286,52.47142857142857
Viet Nam,VNM,0.0,100.0,5820000000000000.0,74.58,45.75,-0.29,22.39,8951655,67251030,177.31,3.16,410000000000.0,8.12,4179.01,89.98,1.45,123000000000.0,Partly Free,20.585714285714285,31.885714285714286,52.47142857142857
"Yemen, Rep.",YEM,0.0,76.0,1335000000000.0,63.72,1.42,-1.68,39.5,897081,19490300,142.415,8.0,42798489584.5,4.13,698.85,47.81,1.46,322122034.0,Partly Free,20.585714285714285,31.885714285714286,52.47142857142857
Zambia,ZMB,0.0,47.8,1710000000000.0,61.8,34.43,-0.53,42.86,349807,11088982,332.78,10.99,29163782140.0,5.25,1456.9,29.1,1.19,11237469.0,Partly Free,23.0,31.0,54.0
Zimbabwe,ZWE,0.0,50.1,226000000000.0,59.39,8.49,-1.26,40.63,542143,9146706,11076.6,104.71,27366627153.0,6.52,1676.82,37.0,0.43,7822102.0,Not Free,10.0,17.0,27.0
